{"tvs1licenselevelsnmodules":[
{
"TYPE":1,
"Region":"United States of America",
"LicenseLevel":1,
"LicenseOrder":1,
"LicenseLevelDescprion":"VS1Cloud",
"ModuleId":0,
"ModuleName":"",
"moduledescription":"",
"IsExtra":"",
"REquiredLevel":"",
"Discountfrom":"1899-12-30 00:00:00",
"Discountto":"1899-12-30 00:00:00",
"Price":75,
"discount":0
},
{
"TYPE":2,
"Region":"United States of America",
"LicenseLevel":1,
"LicenseOrder":1,
"LicenseLevelDescprion":"VS1Cloud",
"ModuleId":25,
"ModuleName":"Financials",
"moduledescription":"Maximum flexibility from the creation of your Chart of Accounts and Cost Centres to Real Time Reporting",
"IsExtra":false,
"REquiredLevel":"",
"Discountfrom":"1899-12-30 00:00:00",
"Discountto":"1899-12-30 00:00:00",
"Price":0,
"discount":0
},
{
"TYPE":2,
"Region":"United States of America",
"LicenseLevel":1,
"LicenseOrder":1,
"LicenseLevelDescprion":"VS1Cloud",
"ModuleId":26,
"ModuleName":"Cultivation",
"moduledescription":"Track plants across all stages of the cultivation and harvest processes to increase yields and efficiencies.",
"IsExtra":false,
"REquiredLevel":"",
"Discountfrom":"1899-12-30 00:00:00",
"Discountto":"1899-12-30 00:00:00",
"Price":0,
"discount":0
},
{
"TYPE":2,
"Region":"United States of America",
"LicenseLevel":1,
"LicenseOrder":1,
"LicenseLevelDescprion":"VS1Cloud",
"ModuleId":27,
"ModuleName":"Processing",
"moduledescription":"Manage each stage of your manufacturing process from extraction and refinement to finished product.",
"IsExtra":false,
"REquiredLevel":"",
"Discountfrom":"1899-12-30 00:00:00",
"Discountto":"1899-12-30 00:00:00",
"Price":0,
"discount":0
},
{
"TYPE":2,
"Region":"United States of America",
"LicenseLevel":1,
"LicenseOrder":1,
"LicenseLevelDescprion":"VS1Cloud",
"ModuleId":28,
"ModuleName":"CRM",
"moduledescription":"Maximum flexibility from the creation of your Chart of Accounts and Cost Centres to Real Time Reporting.",
"IsExtra":false,
"REquiredLevel":"",
"Discountfrom":"1899-12-30 00:00:00",
"Discountto":"1899-12-30 00:00:00",
"Price":0,
"discount":0
},
{
"TYPE":3,
"Region":"United States of America",
"LicenseLevel":1,
"LicenseOrder":1,
"LicenseLevelDescprion":"VS1Cloud",
"ModuleId":13,
"ModuleName":"Distribution",
"moduledescription":"Plan, track and manage your inventory and packages. Automatically generate purchase orders, invoices and manifests.",
"IsExtra":false,
"REquiredLevel":"Simple Start",
"Discountfrom":"1899-12-30 00:00:00",
"Discountto":"1899-12-30 00:00:00",
"Price":42,
"discount":0
},
{
"TYPE":3,
"Region":"United States of America",
"LicenseLevel":1,
"LicenseOrder":1,
"LicenseLevelDescprion":"VS1Cloud",
"ModuleId":14,
"ModuleName":"Retail",
"moduledescription":"Dispensary POS designed for compliance. Medical or Recreational, GreenTrack delivers a seamless cannabis retail experience.",
"IsExtra":false,
"REquiredLevel":"Simple Start",
"Discountfrom":"1899-12-30 00:00:00",
"Discountto":"1899-12-30 00:00:00",
"Price":39,
"discount":0
},{
"TYPE":1,
"Region":"United States of America",
"LicenseLevel":2,
"LicenseOrder":2,
"LicenseLevelDescprion":"Quick Books",
"ModuleId":0,
"ModuleName":"",
"moduledescription":"",
"IsExtra":"",
"REquiredLevel":"",
"Discountfrom":"1899-12-30 00:00:00",
"Discountto":"1899-12-30 00:00:00",
"Price":75,
"discount":0
},
{
"TYPE":2,
"Region":"United States of America",
"LicenseLevel":2,
"LicenseOrder":2,
"LicenseLevelDescprion":"Quick Books",
"ModuleId":25,
"ModuleName":"Financials",
"moduledescription":"Maximum flexibility from the creation of your Chart of Accounts and Cost Centres to Real Time Reporting",
"IsExtra":false,
"REquiredLevel":"",
"Discountfrom":"1899-12-30 00:00:00",
"Discountto":"1899-12-30 00:00:00",
"Price":0,
"discount":0
},
{
"TYPE":2,
"Region":"United States of America",
"LicenseLevel":2,
"LicenseOrder":2,
"LicenseLevelDescprion":"Quick Books",
"ModuleId":26,
"ModuleName":"Cultivation",
"moduledescription":"Track plants across all stages of the cultivation and harvest processes to increase yields and efficiencies.",
"IsExtra":false,
"REquiredLevel":"",
"Discountfrom":"1899-12-30 00:00:00",
"Discountto":"1899-12-30 00:00:00",
"Price":0,
"discount":0
},
{
"TYPE":2,
"Region":"United States of America",
"LicenseLevel":2,
"LicenseOrder":2,
"LicenseLevelDescprion":"Quick Books",
"ModuleId":27,
"ModuleName":"Processing",
"moduledescription":"Manage each stage of your manufacturing process from extraction and refinement to finished product.",
"IsExtra":false,
"REquiredLevel":"",
"Discountfrom":"1899-12-30 00:00:00",
"Discountto":"1899-12-30 00:00:00",
"Price":0,
"discount":0
},
{
"TYPE":2,
"Region":"United States of America",
"LicenseLevel":2,
"LicenseOrder":2,
"LicenseLevelDescprion":"Quick Books",
"ModuleId":28,
"ModuleName":"CRM",
"moduledescription":"Maximum flexibility from the creation of your Chart of Accounts and Cost Centres to Real Time Reporting.",
"IsExtra":false,
"REquiredLevel":"",
"Discountfrom":"1899-12-30 00:00:00",
"Discountto":"1899-12-30 00:00:00",
"Price":0,
"discount":0
},
{
"TYPE":3,
"Region":"United States of America",
"LicenseLevel":2,
"LicenseOrder":2,
"LicenseLevelDescprion":"Quick Books",
"ModuleId":13,
"ModuleName":"Distribution",
"moduledescription":"Plan, track and manage your inventory and packages. Automatically generate purchase orders, invoices and manifests.",
"IsExtra":false,
"REquiredLevel":"Simple Start",
"Discountfrom":"1899-12-30 00:00:00",
"Discountto":"1899-12-30 00:00:00",
"Price":42,
"discount":0
},
{
"TYPE":3,
"Region":"United States of America",
"LicenseLevel":2,
"LicenseOrder":2,
"LicenseLevelDescprion":"Quick Books",
"ModuleId":14,
"ModuleName":"Retail",
"moduledescription":"Dispensary POS designed for compliance. Medical or Recreational, GreenTrack delivers a seamless cannabis retail experience.",
"IsExtra":false,
"REquiredLevel":"Simple Start",
"Discountfrom":"1899-12-30 00:00:00",
"Discountto":"1899-12-30 00:00:00",
"Price":39,
"discount":0
},{
"TYPE":1,
"Region":"United States of America",
"LicenseLevel":3,
"LicenseOrder":3,
"LicenseLevelDescprion":"Xero",
"ModuleId":0,
"ModuleName":"",
"moduledescription":"",
"IsExtra":"",
"REquiredLevel":"",
"Discountfrom":"1899-12-30 00:00:00",
"Discountto":"1899-12-30 00:00:00",
"Price":75,
"discount":0
},
{
"TYPE":2,
"Region":"United States of America",
"LicenseLevel":3,
"LicenseOrder":3,
"LicenseLevelDescprion":"Xero",
"ModuleId":25,
"ModuleName":"Financials",
"moduledescription":"Maximum flexibility from the creation of your Chart of Accounts and Cost Centres to Real Time Reporting",
"IsExtra":false,
"REquiredLevel":"",
"Discountfrom":"1899-12-30 00:00:00",
"Discountto":"1899-12-30 00:00:00",
"Price":0,
"discount":0
},
{
"TYPE":2,
"Region":"United States of America",
"LicenseLevel":3,
"LicenseOrder":3,
"LicenseLevelDescprion":"Xero",
"ModuleId":26,
"ModuleName":"Cultivation",
"moduledescription":"Track plants across all stages of the cultivation and harvest processes to increase yields and efficiencies.",
"IsExtra":false,
"REquiredLevel":"",
"Discountfrom":"1899-12-30 00:00:00",
"Discountto":"1899-12-30 00:00:00",
"Price":0,
"discount":0
},
{
"TYPE":2,
"Region":"United States of America",
"LicenseLevel":3,
"LicenseOrder":3,
"LicenseLevelDescprion":"Xero",
"ModuleId":27,
"ModuleName":"Processing",
"moduledescription":"Manage each stage of your manufacturing process from extraction and refinement to finished product.",
"IsExtra":false,
"REquiredLevel":"",
"Discountfrom":"1899-12-30 00:00:00",
"Discountto":"1899-12-30 00:00:00",
"Price":0,
"discount":0
},
{
"TYPE":2,
"Region":"United States of America",
"LicenseLevel":3,
"LicenseOrder":3,
"LicenseLevelDescprion":"Xero",
"ModuleId":28,
"ModuleName":"CRM",
"moduledescription":"Maximum flexibility from the creation of your Chart of Accounts and Cost Centres to Real Time Reporting.",
"IsExtra":false,
"REquiredLevel":"",
"Discountfrom":"1899-12-30 00:00:00",
"Discountto":"1899-12-30 00:00:00",
"Price":0,
"discount":0
},
{
"TYPE":3,
"Region":"United States of America",
"LicenseLevel":3,
"LicenseOrder":3,
"LicenseLevelDescprion":"Xero",
"ModuleId":13,
"ModuleName":"Distribution",
"moduledescription":"Plan, track and manage your inventory and packages. Automatically generate purchase orders, invoices and manifests.",
"IsExtra":false,
"REquiredLevel":"Simple Start",
"Discountfrom":"1899-12-30 00:00:00",
"Discountto":"1899-12-30 00:00:00",
"Price":42,
"discount":0
},
{
"TYPE":3,
"Region":"United States of America",
"LicenseLevel":3,
"LicenseOrder":3,
"LicenseLevelDescprion":"Xero",
"ModuleId":14,
"ModuleName":"Retail",
"moduledescription":"Dispensary POS designed for compliance. Medical or Recreational, GreenTrack delivers a seamless cannabis retail experience.",
"IsExtra":false,
"REquiredLevel":"Simple Start",
"Discountfrom":"1899-12-30 00:00:00",
"Discountto":"1899-12-30 00:00:00",
"Price":39,
"discount":0
}
]}
