{
    "tvs1licenselevelsnmodules": [{
            "TYPE": 1,
            "Region": "United States of America",
            "LicenseLevel": 1,
            "LicenseOrder": 1,
            "LicenseLevelDescprion": "Simple Start",
            "ModuleId": 0,
            "ModuleName": "",
            "moduledescription": "",
            "IsExtra": "",
            "REquiredLevel": "",
            "Discountfrom": "1899-12-30 00:00:00",
            "Discountto": "1899-12-30 00:00:00",
            "Price": 35,
            "discount": 0
        },
        {
            "TYPE": 2,
            "Region": "United States of America",
            "LicenseLevel": 1,
            "LicenseOrder": 1,
            "LicenseLevelDescprion": "Simple Start",
            "ModuleId": 1,
            "ModuleName": "Accounts Payable Reports",
            "moduledescription": "Manage your expenses and control your Bills and Supplier Invoices based on Due Dates  Track progress through the expenses dashboard",
            "IsExtra": false,
            "REquiredLevel": "",
            "Discountfrom": "1899-12-30 00:00:00",
            "Discountto": "1899-12-30 00:00:00",
            "Price": 0,
            "discount": 0
        },
        {
            "TYPE": 2,
            "Region": "United States of America",
            "LicenseLevel": 1,
            "LicenseOrder": 1,
            "LicenseLevelDescprion": "Simple Start",
            "ModuleId": 2,
            "ModuleName": "Accounts Receivable Report",
            "moduledescription": "See all of your unpaid Customer Invoices based on Due Dates in Summary and Detailed formats",
            "IsExtra": false,
            "REquiredLevel": "",
            "Discountfrom": "1899-12-30 00:00:00",
            "Discountto": "1899-12-30 00:00:00",
            "Price": 0,
            "discount": 0
        },
        {
            "TYPE": 2,
            "Region": "United States of America",
            "LicenseLevel": 1,
            "LicenseOrder": 1,
            "LicenseLevelDescprion": "Simple Start",
            "ModuleId": 3,
            "ModuleName": "Balance Sheets",
            "moduledescription": "Check your account balances using the Balance Sheet or Trial Balance",
            "IsExtra": false,
            "REquiredLevel": "",
            "Discountfrom": "1899-12-30 00:00:00",
            "Discountto": "1899-12-30 00:00:00",
            "Price": 0,
            "discount": 0
        },
        {
            "TYPE": 2,
            "Region": "United States of America",
            "LicenseLevel": 1,
            "LicenseOrder": 1,
            "LicenseLevelDescprion": "Simple Start",
            "ModuleId": 4,
            "ModuleName": "Bills",
            "moduledescription": "Create Supplier Bills with multiple lines to purchase non inventory goods and services, posting to a General Ledger account in real time",
            "IsExtra": false,
            "REquiredLevel": "",
            "Discountfrom": "1899-12-30 00:00:00",
            "Discountto": "1899-12-30 00:00:00",
            "Price": 0,
            "discount": 0
        },
        {
            "TYPE": 2,
            "Region": "United States of America",
            "LicenseLevel": 1,
            "LicenseOrder": 1,
            "LicenseLevelDescprion": "Simple Start",
            "ModuleId": 5,
            "ModuleName": "Invoices",
            "moduledescription": "Create Invoices and email directly to your Customers. Copy a Quote straight to Invoice",
            "IsExtra": false,
            "REquiredLevel": "",
            "Discountfrom": "1899-12-30 00:00:00",
            "Discountto": "1899-12-30 00:00:00",
            "Price": 0,
            "discount": 0
        },
        {
            "TYPE": 2,
            "Region": "United States of America",
            "LicenseLevel": 1,
            "LicenseOrder": 1,
            "LicenseLevelDescprion": "Simple Start",
            "ModuleId": 6,
            "ModuleName": "Payments",
            "moduledescription": "Apply Payments to Bills and Supplier Invoices and track Customer Payments of Invoices. Use multiple bank accounts",
            "IsExtra": false,
            "REquiredLevel": "",
            "Discountfrom": "1899-12-30 00:00:00",
            "Discountto": "1899-12-30 00:00:00",
            "Price": 0,
            "discount": 0
        },
        {
            "TYPE": 2,
            "Region": "United States of America",
            "LicenseLevel": 1,
            "LicenseOrder": 1,
            "LicenseLevelDescprion": "Simple Start",
            "ModuleId": 7,
            "ModuleName": "PO Non-Inventory",
            "moduledescription": "Raise Purchase Orders for Non Inventory products and services and email directly to your Suppliers",
            "IsExtra": false,
            "REquiredLevel": "",
            "Discountfrom": "1899-12-30 00:00:00",
            "Discountto": "1899-12-30 00:00:00",
            "Price": 0,
            "discount": 0
        },
        {
            "TYPE": 2,
            "Region": "United States of America",
            "LicenseLevel": 1,
            "LicenseOrder": 1,
            "LicenseLevelDescprion": "Simple Start",
            "ModuleId": 8,
            "ModuleName": "Profit & Loss Reports",
            "moduledescription": "Track your finances with detailed Profit & Loss reports in Monthly or Year To Date formats and compare corresponding periods with Profit & Loss Comparison reports",
            "IsExtra": false,
            "REquiredLevel": "",
            "Discountfrom": "1899-12-30 00:00:00",
            "Discountto": "1899-12-30 00:00:00",
            "Price": 0,
            "discount": 0
        },
        {
            "TYPE": 2,
            "Region": "United States of America",
            "LicenseLevel": 1,
            "LicenseOrder": 1,
            "LicenseLevelDescprion": "Simple Start",
            "ModuleId": 9,
            "ModuleName": "Quotes",
            "moduledescription": "Create Quotes and email directly to your Customers and then easily convert to Invoice",
            "IsExtra": false,
            "REquiredLevel": "",
            "Discountfrom": "1899-12-30 00:00:00",
            "Discountto": "1899-12-30 00:00:00",
            "Price": 0,
            "discount": 0
        },
        {
            "TYPE": 2,
            "Region": "United States of America",
            "LicenseLevel": 1,
            "LicenseOrder": 1,
            "LicenseLevelDescprion": "Simple Start",
            "ModuleId": 10,
            "ModuleName": "Reports Dashboard",
            "moduledescription": "Powerful reporting Dashboards help you to track your Income and Expenditure, Quote Ratios, Best Selling Product in Monthly, and Year To Date formats",
            "IsExtra": false,
            "REquiredLevel": "",
            "Discountfrom": "1899-12-30 00:00:00",
            "Discountto": "1899-12-30 00:00:00",
            "Price": 0,
            "discount": 0
        },
        {
            "TYPE": 2,
            "Region": "United States of America",
            "LicenseLevel": 1,
            "LicenseOrder": 1,
            "LicenseLevelDescprion": "Simple Start",
            "ModuleId": 11,
            "ModuleName": "Statements",
            "moduledescription": "Generate detailed Customer activity Statements either Weekly or Monthly with opening and closing balances and email individually or grouped",
            "IsExtra": false,
            "REquiredLevel": "",
            "Discountfrom": "1899-12-30 00:00:00",
            "Discountto": "1899-12-30 00:00:00",
            "Price": 0,
            "discount": 0
        },
        {
            "TYPE": 3,
            "Region": "United States of America",
            "LicenseLevel": 1,
            "LicenseOrder": 1,
            "LicenseLevelDescprion": "Simple Start",
            "ModuleId": 13,
            "ModuleName": "Use Foreign Currency",
            "moduledescription": "",
            "IsExtra": true,
            "REquiredLevel": "Simple Start",
            "Discountfrom": "1899-12-30 00:00:00",
            "Discountto": "1899-12-30 00:00:00",
            "Price": 42,
            "discount": 0
        },
        {
            "TYPE": 3,
            "Region": "United States of America",
            "LicenseLevel": 1,
            "LicenseOrder": 1,
            "LicenseLevelDescprion": "Simple Start",
            "ModuleId": 14,
            "ModuleName": "POS",
            "moduledescription": "",
            "IsExtra": true,
            "REquiredLevel": "Simple Start",
            "Discountfrom": "1899-12-30 00:00:00",
            "Discountto": "1899-12-30 00:00:00",
            "Price": 39,
            "discount": 0
        },
        {
            "TYPE": 3,
            "Region": "United States of America",
            "LicenseLevel": 1,
            "LicenseOrder": 1,
            "LicenseLevelDescprion": "Simple Start",
            "ModuleId": 15,
            "ModuleName": "Expense Claims",
            "moduledescription": "",
            "IsExtra": true,
            "REquiredLevel": "Simple Start",
            "Discountfrom": "1899-12-30 00:00:00",
            "Discountto": "1899-12-30 00:00:00",
            "Price": 22,
            "discount": 0
        },
        {
            "TYPE": 3,
            "Region": "United States of America",
            "LicenseLevel": 1,
            "LicenseOrder": 1,
            "LicenseLevelDescprion": "Simple Start",
            "ModuleId": 33,
            "ModuleName": "Link To TrueERP",
            "moduledescription": "",
            "IsExtra": true,
            "REquiredLevel": "Simple Start",
            "Discountfrom": "1899-12-30 00:00:00",
            "Discountto": "1899-12-30 00:00:00",
            "Price": 152,
            "discount": 0
        },
        {
            "TYPE": 1,
            "Region": "United States of America",
            "LicenseLevel": 1,
            "LicenseOrder": 1,
            "LicenseLevelDescprion": "Simple Start",
            "ModuleId": 35,
            "ModuleName": "Appointment Scheduling",
            "moduledescription": "",
            "IsExtra": true,
            "REquiredLevel": "Simple Start",
            "Discountfrom": "1899-12-30 00:00:00",
            "Discountto": "1899-12-30 00:00:00",
            "Price": 30,
            "discount": 0
        },
        {
            "TYPE": 1,
            "Region": "United States of America",
            "LicenseLevel": 2,
            "LicenseOrder": 2,
            "LicenseLevelDescprion": "Essentials",
            "ModuleId": 0,
            "ModuleName": "",
            "moduledescription": "",
            "IsExtra": "",
            "REquiredLevel": "",
            "Discountfrom": "1899-12-30 00:00:00",
            "Discountto": "1899-12-30 00:00:00",
            "Price": 50,
            "discount": 0
        },

        {
            "TYPE": 2,
            "Region": "United States of America",
            "LicenseLevel": 2,
            "LicenseOrder": 2,
            "LicenseLevelDescprion": "Essentials",
            "ModuleId": 18,
            "ModuleName": "Back Ordering",
            "moduledescription": "Track Back Ordered Purchase Orders to better manage your Supplier shipments. Invoice your customers prior to shipping with Back Ordered Invoices. Purchases and Sales can be partially shipped for better inventory control",
            "IsExtra": false,
            "REquiredLevel": "",
            "Discountfrom": "1899-12-30 00:00:00",
            "Discountto": "1899-12-30 00:00:00",
            "Price": 0,
            "discount": 0
        },
        {
            "TYPE": 2,
            "Region": "United States of America",
            "LicenseLevel": 2,
            "LicenseOrder": 2,
            "LicenseLevelDescprion": "Essentials",
            "ModuleId": 36,
            "ModuleName": "CRM",
            "moduledescription": "Improve your sales productivity. With full access to customer history, you can manage customers with ease",
            "IsExtra": false,
            "REquiredLevel": "",
            "Discountfrom": "1899-12-30 00:00:00",
            "Discountto": "1899-12-30 00:00:00",
            "Price": 0,
            "discount": 0
        },
        {
            "TYPE": 2,
            "Region": "United States of America",
            "LicenseLevel": 2,
            "LicenseOrder": 2,
            "LicenseLevelDescprion": "Essentials",
            "ModuleId": 20,
            "ModuleName": "Departments",
            "moduledescription": "Real time Income and Expenditure reporting for different Departments or Locations. Track Inventory for different sectors of your business",
            "IsExtra": false,
            "REquiredLevel": "",
            "Discountfrom": "1899-12-30 00:00:00",
            "Discountto": "1899-12-30 00:00:00",
            "Price": 0,
            "discount": 0
        },
        {
            "TYPE": 2,
            "Region": "United States of America",
            "LicenseLevel": 2,
            "LicenseOrder": 2,
            "LicenseLevelDescprion": "Essentials",
            "ModuleId": 17,
            "ModuleName": "Inventory Tracking",
            "moduledescription": "Track Product Quantities across multiple Departments.  Quantities in real time as products are received or shipped",
            "IsExtra": false,
            "REquiredLevel": "",
            "Discountfrom": "1899-12-30 00:00:00",
            "Discountto": "1899-12-30 00:00:00",
            "Price": 0,
            "discount": 0
        },
        {
            "TYPE": 2,
            "Region": "United States of America",
            "LicenseLevel": 2,
            "LicenseOrder": 2,
            "LicenseLevelDescprion": "Essentials",
            "ModuleId": 21,
            "ModuleName": "Journals",
            "moduledescription": "Manual multiple line journals to easily reconcile your accounts",
            "IsExtra": false,
            "REquiredLevel": "",
            "Discountfrom": "1899-12-30 00:00:00",
            "Discountto": "1899-12-30 00:00:00",
            "Price": 0,
            "discount": 0
        },
        {
            "TYPE": 2,
            "Region": "United States of America",
            "LicenseLevel": 2,
            "LicenseOrder": 2,
            "LicenseLevelDescprion": "Essentials",
            "ModuleId": 16,
            "ModuleName": "Payroll Unlimited Employees",
            "moduledescription": "Enter time sheets for unlimited employees with full account Postings from ADP and Paychex included.",
            "IsExtra": false,
            "REquiredLevel": "",
            "Discountfrom": "1899-12-30 00:00:00",
            "Discountto": "1899-12-30 00:00:00",
            "Price": 0,
            "discount": 0
        },
        {
            "TYPE": 2,
            "Region": "United States of America",
            "LicenseLevel": 2,
            "LicenseOrder": 2,
            "LicenseLevelDescprion": "Essentials",
            "ModuleId": 19,
            "ModuleName": "Stock Adjustments",
            "moduledescription": "Inventory counts and adjustments made easy. Product Barcode scanning for Inventory control",
            "IsExtra": false,
            "REquiredLevel": "",
            "Discountfrom": "1899-12-30 00:00:00",
            "Discountto": "1899-12-30 00:00:00",
            "Price": 0,
            "discount": 0
        },
        {
            "TYPE": 2,
            "Region": "United States of America",
            "LicenseLevel": 2,
            "LicenseOrder": 2,
            "LicenseLevelDescprion": "Essentials",
            "ModuleId": 22,
            "ModuleName": "Time Sheets",
            "moduledescription": "Create simple time sheets for hours worked and scheduled or clock on\/off to record actual hours. Load time sheets directly into Payroll",
            "IsExtra": false,
            "REquiredLevel": "",
            "Discountfrom": "1899-12-30 00:00:00",
            "Discountto": "1899-12-30 00:00:00",
            "Price": 0,
            "discount": 0
        },
        {
            "TYPE": 3,
            "Region": "United States of America",
            "LicenseLevel": 2,
            "LicenseOrder": 2,
            "LicenseLevelDescprion": "Essentials",
            "ModuleId": 13,
            "ModuleName": "Use Foreign Currency",
            "moduledescription": "",
            "IsExtra": true,
            "REquiredLevel": "Simple Start",
            "Discountfrom": "1899-12-30 00:00:00",
            "Discountto": "1899-12-30 00:00:00",
            "Price": 42,
            "discount": 0
        },
        {
            "TYPE": 3,
            "Region": "United States of America",
            "LicenseLevel": 2,
            "LicenseOrder": 2,
            "LicenseLevelDescprion": "Essentials",
            "ModuleId": 14,
            "ModuleName": "POS",
            "moduledescription": "",
            "IsExtra": true,
            "REquiredLevel": "Simple Start",
            "Discountfrom": "1899-12-30 00:00:00",
            "Discountto": "1899-12-30 00:00:00",
            "Price": 39,
            "discount": 0
        },
        {
            "TYPE": 3,
            "Region": "United States of America",
            "LicenseLevel": 2,
            "LicenseOrder": 2,
            "LicenseLevelDescprion": "Essentials",
            "ModuleId": 15,
            "ModuleName": "Expense Claims",
            "moduledescription": "",
            "IsExtra": true,
            "REquiredLevel": "Simple Start",
            "Discountfrom": "1899-12-30 00:00:00",
            "Discountto": "1899-12-30 00:00:00",
            "Price": 22,
            "discount": 0
        },
        {
            "TYPE": 3,
            "Region": "United States of America",
            "LicenseLevel": 2,
            "LicenseOrder": 2,
            "LicenseLevelDescprion": "Essentials",
            "ModuleId": 33,
            "ModuleName": "Link To TrueERP",
            "moduledescription": "",
            "IsExtra": true,
            "REquiredLevel": "Simple Start",
            "Discountfrom": "1899-12-30 00:00:00",
            "Discountto": "1899-12-30 00:00:00",
            "Price": 152,
            "discount": 0
        },
        {
            "TYPE": 3,
            "Region": "United States of America",
            "LicenseLevel": 2,
            "LicenseOrder": 2,
            "LicenseLevelDescprion": "Essentials",
            "ModuleId": 35,
            "ModuleName": "Appointment Scheduling",
            "moduledescription": "",
            "IsExtra": true,
            "REquiredLevel": "Simple Start",
            "Discountfrom": "1899-12-30 00:00:00",
            "Discountto": "1899-12-30 00:00:00",
            "Price": 30,
            "discount": 0
        },
        {
            "TYPE": 3,
            "Region": "United States of America",
            "LicenseLevel": 2,
            "LicenseOrder": 2,
            "LicenseLevelDescprion": "Essentials",
            "ModuleId": 23,
            "ModuleName": "Shipping",
            "moduledescription": "",
            "IsExtra": true,
            "REquiredLevel": "Essentials",
            "Discountfrom": "1899-12-30 00:00:00",
            "Discountto": "1899-12-30 00:00:00",
            "Price": 180,
            "discount": 0
        },
        {
            "TYPE": 3,
            "Region": "United States of America",
            "LicenseLevel": 2,
            "LicenseOrder": 2,
            "LicenseLevelDescprion": "Essentials",
            "ModuleId": 24,
            "ModuleName": "Payroll Integration",
            "moduledescription": "",
            "IsExtra": true,
            "REquiredLevel": "Essentials",
            "Discountfrom": "1899-12-30 00:00:00",
            "Discountto": "1899-12-30 00:00:00",
            "Price": 110,
            "discount": 0
        },
        {
            "TYPE": 1,
            "Region": "United States of America",
            "LicenseLevel": 3,
            "LicenseOrder": 3,
            "LicenseLevelDescprion": "PLUS",
            "ModuleId": 0,
            "ModuleName": "",
            "moduledescription": "",
            "IsExtra": "",
            "REquiredLevel": "",
            "Discountfrom": "1899-12-30 00:00:00",
            "Discountto": "1899-12-30 00:00:00",
            "Price": 75,
            "discount": 0
        },
        {
            "TYPE": 2,
            "Region": "United States of America",
            "LicenseLevel": 3,
            "LicenseOrder": 3,
            "LicenseLevelDescprion": "PLUS",
            "ModuleId": 25,
            "ModuleName": "Bin Tracking",
            "moduledescription": "Create inventory Bin Locations and track product quantities per Bin Location. Link Bin Locations to Departments for multi site inventory control",
            "IsExtra": false,
            "REquiredLevel": "",
            "Discountfrom": "1899-12-30 00:00:00",
            "Discountto": "1899-12-30 00:00:00",
            "Price": 0,
            "discount": 0
        },
        {
            "TYPE": 2,
            "Region": "United States of America",
            "LicenseLevel": 3,
            "LicenseOrder": 3,
            "LicenseLevelDescprion": "PLUS",
            "ModuleId": 26,
            "ModuleName": "Batch \/ Serial No. Tracking",
            "moduledescription": "Assign Batch\/Lot numbers to groups of products and track through the entire purchase to sale process. Assign unique Serial Numbers to individual products at time of purchase and track back to each individual customer sale",
            "IsExtra": false,
            "REquiredLevel": "",
            "Discountfrom": "1899-12-30 00:00:00",
            "Discountto": "1899-12-30 00:00:00",
            "Price": 0,
            "discount": 0
        },
        {
            "TYPE": 2,
            "Region": "United States of America",
            "LicenseLevel": 3,
            "LicenseOrder": 3,
            "LicenseLevelDescprion": "PLUS",
            "ModuleId": 27,
            "ModuleName": "FX Currency",
            "moduledescription": "Buy and sell in multiple foreign currencies.  Pay in a foreign currency and automatically assign currency variations to your general ledger",
            "IsExtra": false,
            "REquiredLevel": "",
            "Discountfrom": "1899-12-30 00:00:00",
            "Discountto": "1899-12-30 00:00:00",
            "Price": 0,
            "discount": 0
        },
        {
            "TYPE": 2,
            "Region": "United States of America",
            "LicenseLevel": 3,
            "LicenseOrder": 3,
            "LicenseLevelDescprion": "PLUS",
            "ModuleId": 28,
            "ModuleName": "Jobs\/construction",
            "moduledescription": "Create Customer Jobs or Projects and transact directly too them. Job Profit & Loss reports chart you Income and Expenditure against each job or Project",
            "IsExtra": false,
            "REquiredLevel": "",
            "Discountfrom": "1899-12-30 00:00:00",
            "Discountto": "1899-12-30 00:00:00",
            "Price": 0,
            "discount": 0
        },
        {
            "TYPE": 3,
            "Region": "United States of America",
            "LicenseLevel": 3,
            "LicenseOrder": 3,
            "LicenseLevelDescprion": "PLUS",
            "ModuleId": 13,
            "ModuleName": "Use Foreign Currency",
            "moduledescription": "",
            "IsExtra": true,
            "REquiredLevel": "Simple Start",
            "Discountfrom": "1899-12-30 00:00:00",
            "Discountto": "1899-12-30 00:00:00",
            "Price": 42,
            "discount": 0
        },
        {
            "TYPE": 3,
            "Region": "United States of America",
            "LicenseLevel": 3,
            "LicenseOrder": 3,
            "LicenseLevelDescprion": "PLUS",
            "ModuleId": 14,
            "ModuleName": "POS",
            "moduledescription": "",
            "IsExtra": true,
            "REquiredLevel": "Simple Start",
            "Discountfrom": "1899-12-30 00:00:00",
            "Discountto": "1899-12-30 00:00:00",
            "Price": 39,
            "discount": 0
        },
        {
            "TYPE": 3,
            "Region": "United States of America",
            "LicenseLevel": 3,
            "LicenseOrder": 3,
            "LicenseLevelDescprion": "PLUS",
            "ModuleId": 15,
            "ModuleName": "Expense Claims",
            "moduledescription": "",
            "IsExtra": true,
            "REquiredLevel": "Simple Start",
            "Discountfrom": "1899-12-30 00:00:00",
            "Discountto": "1899-12-30 00:00:00",
            "Price": 22,
            "discount": 0
        },
        {
            "TYPE": 3,
            "Region": "United States of America",
            "LicenseLevel": 3,
            "LicenseOrder": 3,
            "LicenseLevelDescprion": "PLUS",
            "ModuleId": 33,
            "ModuleName": "Link To TrueERP",
            "moduledescription": "",
            "IsExtra": true,
            "REquiredLevel": "Simple Start",
            "Discountfrom": "1899-12-30 00:00:00",
            "Discountto": "1899-12-30 00:00:00",
            "Price": 152,
            "discount": 0
        },
        {
            "TYPE": 3,
            "Region": "United States of America",
            "LicenseLevel": 3,
            "LicenseOrder": 3,
            "LicenseLevelDescprion": "PLUS",
            "ModuleId": 35,
            "ModuleName": "Appointment Scheduling",
            "moduledescription": "",
            "IsExtra": true,
            "REquiredLevel": "Simple Start",
            "Discountfrom": "1899-12-30 00:00:00",
            "Discountto": "1899-12-30 00:00:00",
            "Price": 30,
            "discount": 0
        },
        {
            "TYPE": 3,
            "Region": "United States of America",
            "LicenseLevel": 3,
            "LicenseOrder": 3,
            "LicenseLevelDescprion": "PLUS",
            "ModuleId": 23,
            "ModuleName": "Shipping",
            "moduledescription": "",
            "IsExtra": true,
            "REquiredLevel": "Essentials",
            "Discountfrom": "1899-12-30 00:00:00",
            "Discountto": "1899-12-30 00:00:00",
            "Price": 180,
            "discount": 0
        },
        {
            "TYPE": 3,
            "Region": "United States of America",
            "LicenseLevel": 3,
            "LicenseOrder": 3,
            "LicenseLevelDescprion": "PLUS",
            "ModuleId": 24,
            "ModuleName": "Payroll Integration",
            "moduledescription": "",
            "IsExtra": true,
            "REquiredLevel": "Essentials",
            "Discountfrom": "1899-12-30 00:00:00",
            "Discountto": "1899-12-30 00:00:00",
            "Price": 110,
            "discount": 0
        },
        {
            "TYPE": 3,
            "Region": "United States of America",
            "LicenseLevel": 3,
            "LicenseOrder": 3,
            "LicenseLevelDescprion": "PLUS",
            "ModuleId": 29,
            "ModuleName": "Seed To Sale",
            "moduledescription": "",
            "IsExtra": true,
            "REquiredLevel": "PLUS",
            "Discountfrom": "1899-12-30 00:00:00",
            "Discountto": "1899-12-30 00:00:00",
            "Price": 225,
            "discount": 0
        },
        {
            "TYPE": 3,
            "Region": "United States of America",
            "LicenseLevel": 3,
            "LicenseOrder": 3,
            "LicenseLevelDescprion": "PLUS",
            "ModuleId": 30,
            "ModuleName": "Manufacturing",
            "moduledescription": "",
            "IsExtra": true,
            "REquiredLevel": "PLUS",
            "Discountfrom": "1899-12-30 00:00:00",
            "Discountto": "1899-12-30 00:00:00",
            "Price": 160,
            "discount": 0
        },
        {
            "TYPE": 3,
            "Region": "United States of America",
            "LicenseLevel": 3,
            "LicenseOrder": 3,
            "LicenseLevelDescprion": "PLUS",
            "ModuleId": 31,
            "ModuleName": "WMS",
            "moduledescription": "",
            "IsExtra": true,
            "REquiredLevel": "PLUS",
            "Discountfrom": "1899-12-30 00:00:00",
            "Discountto": "1899-12-30 00:00:00",
            "Price": 110,
            "discount": 0
        },
        {
            "TYPE": 3,
            "Region": "United States of America",
            "LicenseLevel": 3,
            "LicenseOrder": 3,
            "LicenseLevelDescprion": "PLUS",
            "ModuleId": 32,
            "ModuleName": "Matrix",
            "moduledescription": "",
            "IsExtra": true,
            "REquiredLevel": "PLUS",
            "Discountfrom": "1899-12-30 00:00:00",
            "Discountto": "1899-12-30 00:00:00",
            "Price": 80,
            "discount": 0
        },
        {
            "TYPE": 3,
            "Region": "United States of America",
            "LicenseLevel": 1,
            "LicenseOrder": 1,
            "LicenseLevelDescprion": "Simple Start",
            "ModuleId": 34,
            "ModuleName": "Website Integration",
            "moduledescription": "",
            "IsExtra": true,
            "REquiredLevel": "Simple Start",
            "Discountfrom": "1899-12-30 00:00:00",
            "Discountto": "1899-12-30 00:00:00",
            "Price": 95,
            "discount": 0
        },
        {
            "TYPE": 3,
            "Region": "United States of America",
            "LicenseLevel": 1,
            "LicenseOrder": 1,
            "LicenseLevelDescprion": "Simple Start",
            "ModuleId": 12,
            "ModuleName": "Add Extra User",
            "moduledescription": "",
            "IsExtra": true,
            "REquiredLevel": "Simple Start",
            "Discountfrom": "1899-12-30 00:00:00",
            "Discountto": "1899-12-30 00:00:00",
            "Price": 35,
            "discount": 0
        },
        {
            "TYPE": 3,
            "Region": "United States of America",
            "LicenseLevel": 2,
            "LicenseOrder": 2,
            "LicenseLevelDescprion": "Essentials",
            "ModuleId": 12,
            "ModuleName": "Add Extra User",
            "moduledescription": "",
            "IsExtra": true,
            "REquiredLevel": "Simple Start",
            "Discountfrom": "1899-12-30 00:00:00",
            "Discountto": "1899-12-30 00:00:00",
            "Price": 35,
            "discount": 0
        },
        {
            "TYPE": 3,
            "Region": "United States of America",
            "LicenseLevel": 3,
            "LicenseOrder": 3,
            "LicenseLevelDescprion": "PLUS",
            "ModuleId": 12,
            "ModuleName": "Add Extra User",
            "moduledescription": "",
            "IsExtra": true,
            "REquiredLevel": "Simple Start",
            "Discountfrom": "1899-12-30 00:00:00",
            "Discountto": "1899-12-30 00:00:00",
            "Price": 35,
            "discount": 0
        }
    ]
}
